{
  "Index": "IXIC",
  "Date": "2009-12-08",
  "Open": 2174.719971,
  "High": 2187.189941,
  "Low": 2160.429932,
  "Close": 2172.98999,
  "Adj Close": 2172.98999,
  "Volume": 1981800000.0,
  "CloseUSD": 2172.98999
}