{
  "Index": "GSPTSE",
  "Date": "1998-09-18",
  "Open": 5718.600098,
  "High": 5774.5,
  "Low": 5694.799805,
  "Close": 5771.399902,
  "Adj Close": 5771.399902,
  "Volume": 5974630000.0,
  "CloseUSD": 4790.26191866
}