{
  "Index": "IXIC",
  "Date": "1976-11-12",
  "Open": 88.099998,
  "High": 88.099998,
  "Low": 88.099998,
  "Close": 88.099998,
  "Adj Close": 88.099998,
  "Volume": 0.0,
  "CloseUSD": 88.099998
}