{
  "Index": "399001.SZ",
  "Date": "2020-11-05",
  "Open": 13802.17969,
  "High": 13894.25977,
  "Low": 13728.63965,
  "Close": 13894.25977,
  "Adj Close": 13894.25977,
  "Volume": 1401600.0,
  "CloseUSD": 2223.0815632000003
}