{
  "Index": "N100",
  "Date": "2017-08-21",
  "Open": 992.5,
  "High": 995.099976,
  "Low": 987.700012,
  "Close": 990.919983,
  "Adj Close": 990.919983,
  "Volume": 0.0,
  "CloseUSD": 1208.92237926
}