{
  "Index": "HSI",
  "Date": "1993-06-11",
  "Open": 7262.100098,
  "High": 7287.899902,
  "Low": 7247.899902,
  "Close": 7266.700195,
  "Adj Close": 7266.700195,
  "Volume": 0.0,
  "CloseUSD": 944.67102535
}