{
  "Index": "399001.SZ",
  "Date": "2019-12-26",
  "Open": 10239.75977,
  "High": 10303.71973,
  "Low": 10221.33984,
  "Close": 10303.71973,
  "Adj Close": 10303.71973,
  "Volume": 125900.0,
  "CloseUSD": 1648.5951568
}