{
  "Index": "HSI",
  "Date": "2014-10-29",
  "Open": 23703.94922,
  "High": 23855.66992,
  "Low": 23699.56055,
  "Close": 23819.86914,
  "Adj Close": 23819.86914,
  "Volume": 2017536100.0,
  "CloseUSD": 3096.5829882
}